﻿<parameters>
  <parameter name="IIS Web Application Name" defaultValue="Default Web Site/icoop_webapp_deploy" tags="IisApp">
    <parameterEntry kind="ProviderPath" scope="IisApp" match="^D:\\icoop_webapp\\icoop_webapp\\icoop_webapp\\obj\\Debug\\Package\\PackageTmp$" />
    <parameterEntry kind="ProviderPath" scope="setAcl" match="^D:\\icoop_webapp\\icoop_webapp\\icoop_webapp\\obj\\Debug\\Package\\PackageTmp$" />
  </parameter>
  <parameter name="ApplicationServices-Web.config Connection String" description="ApplicationServices Connection String used in web.config by the application to access the database." defaultValue="data source=.\SQLEXPRESS;Integrated Security=SSPI;AttachDBFilename=|DataDirectory|\aspnetdb.mdf;User Instance=true" tags="SqlConnectionString">
    <parameterEntry kind="XmlFile" scope="obj\\Debug\\Package\\PackageTmp\\Web\.config$" match="/configuration/connectionStrings/add[@name='ApplicationServices']/@connectionString" />
  </parameter>
  <parameter name="ConnectionString-Web.config Connection String" description="ConnectionString Connection String used in web.config by the application to access the database." defaultValue="Data Source=192.168.7.191/gcoop;User ID=iscgcmt;Password=iscgcmt;Unicode=True" tags="SqlConnectionString">
    <parameterEntry kind="XmlFile" scope="obj\\Debug\\Package\\PackageTmp\\Web\.config$" match="/configuration/connectionStrings/add[@name='ConnectionString']/@connectionString" />
  </parameter>
</parameters>